userId,bookId,rating,timestamp
1,1,4,964982703
1,3,4,964981247
1,6,4,964982224
1,47,5,964983815
1,50,5,964982931
1,70,3,964982400
1,101,5,964980868
1,110,4,964982176
1,151,5,964984041
1,157,5,964984100
1,163,5,964983650
1,216,5,964981208
1,223,3,964980985
1,231,5,964981179
1,235,4,964980908
1,260,5,964981680
1,296,3,964982967
1,316,3,964982310
1,333,5,964981179
1,349,4,964982563
1,356,4,964980962
1,362,5,964982588
1,367,4,964981710
1,423,3,964982363
1,441,4,964980868
1,457,5,964981909
1,480,4,964982346
1,500,3,964981208
1,527,5,964984002
1,543,4,964981179
1,552,4,964982653
1,553,5,964984153
1,590,4,964982546
1,592,4,964982271
1,593,4,964983793
1,596,5,964982838
1,608,5,964982931
1,648,3,964982563
1,661,5,964982838
1,673,3,964981775
2,318,3,1445714835
2,333,4,1445715029
3,31,0.5,1306463578
3,527,0.5,1306464275
3,647,0.5,1306463619
3,688,0.5,1306464228
3,720,0.5,1306463595
4,21,3,986935199
4,32,2,945173447
4,45,3,986935047
4,47,2,945173425
4,52,3,964622786
4,58,3,964538444
4,106,4,986848784
4,125,5,964622758
4,126,1,986848920
4,162,5,945078571
4,171,3,945078428
4,176,5,964622565
4,190,2,945079259
4,215,5,945079078
4,222,1,945629040
4,232,5,964622684
4,235,2,945173513
4,247,3,986848894
4,260,5,945079259
4,265,5,964538468
4,296,1,945173350
4,319,5,945079182
4,342,5,964538500
4,345,4,945629063
4,348,4,964622786
4,351,3,986934901
4,357,3,964623306
4,368,4,945078690
4,417,2,945078467
4,441,1,986934915
4,450,2,986848828
4,457,5,945079259
4,475,5,945174290
4,492,5,945079872
4,509,1,945079106
4,538,5,945078636
4,539,1,964538832
4,553,2,945079301
4,588,4,945079670
4,593,5,964539986
4,595,3,986848609
4,599,2,945078587
4,608,5,964540008
4,648,3,945079906
4,708,4,986935230
5,1,4,847434962
5,21,4,847435238
5,34,4,847434881
5,36,4,847435292
5,39,3,847434961
5,50,4,847434881
5,58,5,847435238
5,110,4,847434880
5,150,3,847434748
5,153,3,847434802
5,232,4,847435292
5,247,5,847435337
5,253,3,847435292
5,261,4,847435238
5,265,3,847435129
5,266,1,847435311
5,290,5,847435311
5,296,5,847434748
5,300,3,847435337
5,316,2,847434832
5,318,3,847434880
5,344,3,847434802
5,349,3,847434832
5,357,2,847435238
5,364,3,847434882
5,367,4,847435129
5,380,2,847434748
5,410,3,847435292
5,457,4,847434801
5,474,4,847435337
5,475,5,847435311
5,515,3,847435129
5,527,5,847434960
5,531,4,847435258
5,534,3,847435311
5,588,4,847434801
5,589,3,847435258
5,590,5,847434747
5,592,3,847434747
5,594,5,847435238
5,595,5,847434832
5,596,5,847435292
5,597,3,847434962
5,608,3,847435258
6,2,4,845553522
6,3,5,845554296
6,4,3,845554349
6,5,5,845553938
6,6,4,845553757
6,7,4,845554264
6,8,3,845555281
6,10,3,845553253
6,11,4,845553489
6,13,3,845555588
6,15,4,845554505
6,16,4,845553819
6,17,4,845553559
6,19,2,845553382
6,21,2,845553382
6,22,5,845553875
6,24,4,845554397
6,25,3,845553695
6,26,4,845555362
6,27,3,845555402
6,31,3,845553819
6,32,4,845553426
6,34,4,845553354
6,36,5,845553726
6,41,4,845554962
6,43,4,845555607
6,45,3,845553907
6,46,4,845554551
6,47,4,845553317
6,50,1,845553381
6,54,4,845555402
6,60,4,845554263
6,61,4,845555454
6,62,4,845553660
6,65,3,845555070
6,66,3,845555151
6,76,4,845555317
6,79,3,845554907
6,86,5,845556131
6,87,3,845555300
6,88,2,845555694
6,89,4,845555124
6,92,4,845555454
6,93,4,845554584
6,95,4,845553559
6,100,3,845555151
6,102,1,845555436
6,104,4,845554349
6,105,3,845553757
6,110,5,845553283
6,112,4,845553994
6,113,3,845556257
6,126,3,845555342
6,135,3,845554987
6,140,3,845555024
6,141,4,845553586
6,145,4,845553966
6,146,4,845555607
6,150,4,845553110
6,151,4,845553586
6,153,3,845553146
6,158,4,845553660
6,159,3,845555006
6,160,5,845553457
6,161,3,845553253
6,163,3,845553907
6,165,3,845553146
6,168,5,845553695
6,170,3,845554263
6,171,3,845555402
6,174,3,845554479
6,177,3,845554931
6,179,1,845555362
6,180,2,845555006
6,181,3,845553938
6,185,3,845553283
6,186,3,845553619
6,189,3,845556241
6,191,2,845554931
6,195,4,845554455
6,196,3,845553586
6,201,3,845556290
6,204,3,845553619
6,205,3,845555477
6,207,4,845554024
6,208,3,845553253
6,209,3,845556106
6,210,4,845556310
6,212,4,845556181
6,216,4,845554099
6,217,3,845555382
6,218,2,845553994
6,219,3,845556131
6,222,4,845554024
6,224,3,845553794
6,225,4,845553381
6,230,5,845553966
6,231,3,845553174
6,234,2,845554176
6,236,4,845553559
6,237,4,845553875
6,239,3,845554987
6,240,3,845555571
6,243,3,845555588
6,248,5,845554263
6,250,4,845555588
6,251,3,845556257
6,252,4,845553619
6,253,3,845553283
6,254,3,845555655
6,256,3,845553726
6,257,5,845554176
6,258,3,845555172
6,261,4,845553695
6,262,5,845554551
6,265,3,845553726
6,266,3,845553457
6,267,3,845554376
6,270,3,845555172
6,271,4,845555249
6,273,3,845553875
6,274,4,845555151
6,276,4,845553907
6,277,5,845553844
6,279,3,845555436
6,281,4,845554320
6,282,3,845553522
6,288,2,845553283
6,289,3,845554455
6,291,3,845555571
6,292,4,845553253
6,293,3,845553660
6,296,2,845553110
6,302,3,845555436
6,303,3,845554099
6,304,4,845555546
6,310,3,845556119
6,312,1,845555151
6,313,3,845555546
6,314,5,845554603
6,315,4,845553522
6,316,5,845553174
6,317,4,845553457
6,318,5,845553200
6,327,1,845554062
6,329,4,845553200
6,330,3,845555071
6,332,3,845555046
6,333,5,845553757
6,336,3,845556223
6,337,5,845553586
6,339,4,845553253
6,340,4,845555265
6,342,3,845553938
6,343,3,845555172
6,344,3,845553146
6,347,3,845555300
6,348,3,845553938
6,349,5,845553146
6,350,5,845553489
6,351,4,845554455
6,352,3,845555382
6,353,4,845553726
6,354,4,845555402
6,355,4,845553819
6,356,5,845553200
6,357,3,845553457
6,358,3,845555265
6,359,3,845556412
6,360,3,845555094
6,361,4,845554376
6,362,3,845553994
6,364,5,845553317
6,366,3,845554962
6,367,4,845553317
6,368,5,845553726
6,370,4,845553794
6,371,3,845554141
6,374,3,845554296
6,377,5,845553317
6,378,3,845554987
6,380,4,845553110
6,381,3,845553994
6,382,3,845554397
6,383,3,845554320
6,405,3,845554603
6,410,3,845553354
6,412,3,845554505
6,415,4,845554420
6,416,3,845554962
6,419,3,845554224
6,426,3,845554551
6,432,5,845553489
6,434,4,845553200
6,435,3,845553489
6,437,3,845554505
6,440,4,845553457
6,445,3,845555124
6,450,4,845555024
6,454,4,845553283
6,455,3,845554062
6,457,5,845553174
6,458,3,845555546
6,460,3,845555281
6,466,2,845553844
6,468,4,845553907
6,469,4,845555477
6,472,3,845555632
6,474,4,845553522
6,475,4,845554099
6,477,4,845554141
6,480,5,845553200
6,485,3,845553794
6,489,3,845554505
6,490,3,845554584
6,491,4,845554141
6,493,3,845555172
6,494,3,845554176
6,497,3,845553819
6,500,5,845553354
6,502,3,845554455
6,505,3,845555317
6,508,4,845553586
6,509,3,845553522
6,510,3,845555546
6,515,4,845553794
6,516,4,845554908
6,520,3,845553844
6,524,3,845554479
6,527,3,845553426
6,531,3,845554296
6,532,3,845554224
6,536,3,845556181
6,537,3,845554551
6,539,3,845553426
6,540,3,845554099
6,542,4,845554524
6,543,3,845554099
6,546,2,845554349
6,548,3,845554908
6,552,3,845553875
6,553,5,845553559
6,569,4,845555342
6,575,3,845555070
6,587,5,845553381
6,588,5,845553146
6,589,3,845553317
6,590,5,845553109
6,592,3,845553109
6,593,4,845553174
6,594,4,845553819
6,595,5,845553174
6,596,3,845554141
6,597,4,845553354
6,606,3,845555024
6,608,3,845553844
6,609,4,845555342
6,616,5,845554062
6,628,3,845555300
6,631,4,845555265
6,637,4,845555046
6,640,1,845555362
6,647,4,845555151
6,662,3,845556147
6,667,3,845555342
6,694,3,845555694
6,697,3,845556378
6,700,4,845556147
6,704,3,845555571
6,708,4,845554376
6,709,5,845555249
6,710,3,845556223
6,711,4,845555317
6,719,2,845555694
7,1,4.5,1106635946
7,50,4.5,1106635993
7,58,3,1106635520
7,150,4.5,1106635925
7,165,4,1106635987
7,260,5,1106635933
7,356,5,1106635915
7,380,3,1106635937
7,466,5,1106635532
7,480,5,1106635917
7,587,2,1106635714
7,588,3,1106635971
7,589,2.5,1106635940
7,592,3,1106635922
7,593,5,1106635912
7,595,3.5,1106712636
7,648,4,1106635981
8,2,4,839463806
8,10,2,839463509
8,11,4,839463806
8,21,4,839463564
8,32,3,839463624
8,34,5,839463546
8,39,3,839463644
8,47,4,839463546
8,50,5,839463644
8,110,3,839463527
8,141,3,839464076
8,150,4,839463422
8,153,2,839463451
8,185,5,839463509
8,186,4,839463856
8,208,3,839463509
8,231,4,839463470
8,235,3,839464076
8,236,3,839463767
8,252,3,839463856
8,253,5,839463509
8,282,3,839463767
8,292,3,839463489
8,296,4,839463422
8,317,3,839463644
8,318,5,839463489
8,339,3,839463509
8,356,3,839463527
8,357,5,839463767
8,364,5,839463546
8,367,3,839463564
8,377,4,839463644
8,380,5,839463422
8,432,1,839463702
8,440,3,839463728
8,454,4,839463546
8,457,3,839463489
8,480,4,839463527
8,500,2,839463624
8,527,5,839463728
8,539,3,839463728
8,586,3,839463702
8,587,3,839463702
8,590,5,839463422
8,592,3,839463422
8,593,4,839463470
8,597,3,839463728
9,41,3,1044656650
9,187,3,1044657119
9,223,4,1044656650
9,371,3,1044656716
9,627,3,1044657102
10,296,1,1455303387
10,356,3.5,1455301685
10,588,4,1455306173
10,597,3.5,1455357645
11,6,5,902154266
11,10,3,902154316
11,36,4,902155135
11,44,2,902154593
11,95,3,902154458
11,110,5,902154266
11,150,5,902154266
11,153,3,902154593
11,165,3,902154567
11,170,4,902154621
11,208,3,902154706
11,292,4,902154383
11,318,4,902155070
11,349,5,902154342
11,356,5,901200263
11,368,3,904510567
11,376,2,902154684
11,377,3,902154431
11,380,4,902154431
11,434,3,902154685
11,457,5,902154316
11,466,3,902154805
11,474,4,902154431
11,480,4,902154383
11,493,3,902154805
11,511,4,902154514
11,529,5,902155043
11,589,4,902154266
11,593,5,902155102
11,648,4,902154514
12,39,4,1247264471
12,168,5,1247264411
12,222,5,1247263465
12,256,5,1247263375
12,261,4.5,1247263357
12,277,3,1247263371
12,357,3.5,1247264106
12,543,3.5,1247263318
13,47,5,987895819
13,305,1,987456968
13,597,3,987456968
14,4,3,835441653
14,7,3,835441989
14,19,1,835441168
14,25,4,835441394
14,32,4,835441168
14,39,3,835441186
14,47,5,835441133
14,95,5,835441295
14,105,3,835441371
14,110,5,835441107
14,150,4,835440977
14,153,2,835441012
14,193,3,835441371
14,231,3,835441042
14,266,5,835441168
14,282,5,835441239
14,288,4,835441107
14,296,3,835440978
14,318,3,835441042
14,337,5,835441239
14,339,4,835441066
14,344,2,835441012
14,351,3,835441686
14,356,4,835441239
14,367,1,835441210
14,376,4,835441620
14,377,3,835441328
14,383,4,835441729
14,434,4,835441066
14,448,3,835442201
14,455,3,835441812
14,477,4,835441578
14,480,3,835441262
14,491,3,835441672
14,508,3,835441558
14,509,5,835441347
14,524,3,835442007
14,527,3,835441371
14,539,4,835441415
14,540,3,835441794
14,552,3,835441558
14,553,4,835441239
14,586,3,835441451
14,590,4,835440977
14,592,2,835440976
14,593,4,835441086
14,597,3,835441431
15,1,2.5,1510577970
15,44,1,1299424916
15,47,3.5,1510571970
15,158,1,1299424840
15,172,1,1299424762
15,256,3,1299425021
15,260,5,1510571946
15,293,3,1510571962
15,296,4,1510571877
15,318,5,1510571866
15,355,1,1299425002
15,356,5,1510571873
15,364,3,1510577958
15,527,5,1510571982
15,588,3,1510577985
15,589,5,1510572012
15,596,2,1510578088
16,47,3.5,1377477814
16,50,4,1377476781
16,111,4.5,1377477446
16,204,2,1377476617
16,260,3,1377476936
16,293,4,1377477870
16,296,3,1377477302
16,318,4,1377476766
16,319,4,1377476675
16,356,3.5,1377477951
16,527,4,1377476787
16,541,4.5,1377477340
16,593,3,1377476977
16,608,4.5,1377477406
16,678,4,1377477470
17,1,4.5,1305696483
17,44,3.5,1305696245
17,47,4,1307262715
17,50,4.5,1305697013
17,110,4.5,1305696470
17,111,4,1326943208
17,150,3.5,1305696497
17,260,5,1305696468
17,293,3.5,1307262308
17,296,5,1305696455
17,318,5,1305696465
17,356,5,1305696457
17,480,4.5,1305696463
17,527,4.5,1305696664
17,541,3.5,1322628857
17,589,4.5,1305696475
17,590,4.5,1305696492
17,592,4.5,1305696480
17,593,4.5,1305696461
18,1,3.5,1455209816
18,2,3,1455617462
18,6,4,1460138360
18,16,4.5,1461311583
18,32,4,1455209840
18,34,2.5,1455617533
18,36,4,1455617478
18,47,4.5,1455050013
18,50,5,1455049343
18,70,3.5,1455735732
18,104,2.5,1455748792
18,110,4.5,1455050170
18,111,4,1458516249
18,145,3.5,1456864434
18,163,4,1455748933
18,165,4,1455209902
18,180,4,1455617692
18,208,3,1455617516
18,223,4,1455617470
18,231,2.5,1455748462
18,235,4.5,1455529905
18,260,4,1455049368
18,288,4,1455617466
18,293,4.5,1455050049
18,296,4,1455050745
18,318,5,1455049328
18,329,4,1455231677
18,337,4,1455748833
18,344,2.5,1455209869
18,356,4.5,1455050112
18,364,3,1455209887
18,367,2.5,1455618093
18,370,3,1455748940
18,374,2.5,1455617791
18,377,2.5,1455209879
18,380,2.5,1455209846
18,431,4,1462138790
18,435,2,1459946774
18,442,3,1455748803
18,457,3.5,1477432493
18,466,2.5,1459946776
18,480,3.5,1455209811
18,500,3.5,1455618095
18,502,2,1456864767
18,508,4,1455749987
18,527,4.5,1455050006
18,541,4,1456745325
18,555,4,1504907725
18,586,3.5,1455748696
18,588,3.5,1455209912
18,589,4.5,1455209793
18,590,4,1455209837
18,593,4.5,1455050067
18,595,3,1455209900
18,608,4.5,1455050069
18,628,3.5,1459495567
18,648,3,1455209873
18,653,3,1456955524
18,673,3,1455735781
19,1,4,965705637
19,2,3,965704331
19,3,3,965707636
19,7,2,965706657
19,10,2,965709556
19,12,1,965705347
19,13,3,965709102
19,15,2,965710039
19,19,2,965708339
19,32,4,965703646
19,34,4,965705661
19,44,3,965710019
19,47,3,965710720
19,48,1,965709172
19,54,2,965702660
19,64,2,965708037
19,65,2,965708217
19,70,2,965704974
19,87,2,965708059
19,92,2,965712048
19,102,1,965708653
19,104,2,965706185
19,107,2,965706886
19,118,3,965708217
19,135,3,965707637
19,141,1,965706592
19,153,2,965707889
19,158,3,965709785
19,161,2,965710914
19,165,3,965711413
19,170,3,965711598
19,173,1,965703997
19,185,2,965704056
19,186,2,965707724
19,196,2,965703915
19,208,2,965709832
19,216,2,965707746
19,223,3,965705917
19,231,2,965706728
19,235,4,965705784
19,252,3,965706507
19,253,3,965704952
19,256,1,965703997
19,258,3,965704033
19,260,4,965704248
19,273,1,965705240
19,289,2,965706795
19,291,2,965712018
19,293,4,965710720
19,295,3,965708038
19,316,2,965703785
19,319,1,965710693
19,325,2,965708360
19,328,2,965705076
19,329,2,965709622
19,330,3,965705097
19,332,2,965703973
19,333,2,965706548
19,338,2,965703940
19,339,3,965706365
19,344,2,965706566
19,348,2,965706276
19,350,2,965712461
19,351,2,965706045
19,353,5,965711267
19,356,2,965706045
19,357,4,965706092
19,362,2,965709622
19,364,3,965709102
19,366,2,965704974
19,367,4,965704281
19,368,3,965706636
19,370,3,965707669
19,372,1,965706507
19,374,2,965708038
19,377,4,965711156
19,378,3,965707419
19,379,2,965703885
19,380,3,965707487
19,407,3,965705059
19,410,2,965706683
19,414,2,965706886
19,420,2,965708098
19,422,3,965711481
19,423,3,965711598
19,427,3,965712068
19,432,3,965707983
19,434,3,965709832
19,435,2,965703973
19,440,3,965706114
19,442,3,965703811
19,445,2,965706907
19,450,2,965706866
19,455,2,965710092
19,457,4,965710781
19,466,3,965707518
19,468,3,965706967
19,472,2,965707518
19,474,3,965710914
19,480,2,965703785
19,485,2,965707889
19,486,2,965707828
19,490,2,965711106
19,494,2,965711156
19,497,3,965706045
19,500,2,965706636
19,512,2,965703885
19,513,3,965707637
19,520,2,965706795
19,537,1,965707576
19,539,3,965706839
19,540,1,965711928
19,541,4,965703555
19,542,2,965707983
19,543,3,965706232
19,546,2,965704079
19,551,5,965706163
19,558,2,965704355
19,575,2,965706866
19,586,3,965707079
19,587,3,965706438
19,588,3,965706337
19,589,5,965710720
19,592,5,965709445
19,597,3,965706967
19,606,2,965705362
19,610,3,965703785
19,611,2,965704056
19,627,2,965711342
19,637,2,965708098
19,640,1,965712018
19,648,3,965709656
19,653,2,965704331
19,661,3,965709102
19,671,2,965703674
19,673,1,965704355
19,674,4,965703973
19,708,3,965706615
19,709,2,965709172
19,711,3,965709923
19,719,2,965707724
19,720,4,965708982
20,2,3,1054038313
20,8,1,1054038422
20,13,4,1054038425
20,34,4,1054038093
20,48,5,1054038357
20,107,3.5,1054038320
20,158,3,1054038381
20,239,4.5,1054038398
20,262,4.5,1054038142
20,317,3.5,1054038283
20,362,4,1054038216
20,364,5,1054038067
20,531,4.5,1054038162
20,551,5,1054038128
20,586,3,1054038279
20,588,5,1054038059
20,594,5,1054038083
20,595,5,1054038060
20,596,4.5,1054038175
20,661,5,1054038185
20,709,3,1054038318
20,720,5,1054038502
21,1,3.5,1407618878
21,2,3.5,1419795031
21,10,5,1403459783
21,19,2.5,1419795052
21,38,2.5,1419795113
21,44,1,1376822969
21,48,3,1376822924
21,145,3,1376823315
21,165,3.5,1418846918
21,170,2,1376823399
21,260,4.5,1417378080
21,293,3,1436989949
21,296,3.5,1500701533
21,355,4,1376823342
21,356,4.5,1407617845
21,364,4,1418063557
21,367,3,1407617838
21,370,5,1376823264
21,435,1,1403461004
21,480,4,1418063303
21,500,2.5,1407617852
21,541,3.5,1452052129
21,551,0.5,1418063134
21,586,2.5,1376823478
21,588,4,1407618992
21,589,3.5,1418846818
21,592,3.5,1419795406
21,597,4,1407617864
21,648,4.5,1403637454
21,719,3.5,1419794740
22,107,4.5,1268330607
22,216,4,1268726081
22,253,4,1268726368
22,318,5,1268726193
22,356,5,1268726309
22,541,5,1268726271
23,6,4,1107342267
23,29,4,1107341574
23,32,3.5,1107341750
23,50,4,1107163741
23,58,3,1107164183
23,175,3,1107162721
23,272,4,1107162524
23,293,4,1107341697
23,296,3.5,1107163773
23,300,3,1107342187
23,334,4,1107164085
23,431,3,1107164178
23,454,2.5,1107342160
23,541,5,1107164433
23,608,3.5,1107162895
24,6,4.5,1458941767
24,32,3.5,1458942033
24,50,4,1458942023
24,165,3.5,1458941746
24,253,3.5,1458941225
24,296,4,1458942020
24,316,3.5,1458941812
24,318,4.5,1458941989
24,356,4.5,1458940987
24,457,3.5,1458941545
24,552,3.5,1458941837
24,593,4.5,1458941983
24,608,4,1458942040
25,231,4,1535470451
25,260,5,1535470429
25,527,5,1535470432
26,10,3,836950403
26,34,3,836950483
26,47,4,836950431
26,150,3,836950245
26,153,3,836950286
26,165,4,836950286
26,185,3,836950403
26,208,2,836950403
26,225,3,836950483
26,288,3,836950431
26,296,4,836950245
26,300,3,836950431
26,344,3,836950286
26,349,3,836950286
26,356,3,836950483
26,380,3,836950245
26,434,2,836950379
26,454,4,836950483
26,457,4,836950379
26,592,4,836950245
26,593,4,836950379
27,1,3,962685262
27,2,4,962685711
27,34,5,962685351
27,48,4,962685318
27,60,3,962685387
27,62,5,962684909
27,126,2,962685762
27,158,2,962685387
27,238,3,962685525
27,260,4,962686637
27,316,4,962685941
27,356,5,965149932
27,364,4,962685351
27,367,4,965150022
27,421,3,962685262
27,455,3,962685569
27,480,4,962685912
27,590,4,962685883
27,595,4,962685262
27,648,4,962685941
27,661,3,962685569
27,673,2,962685762
28,6,3.5,1234570483
28,16,2.5,1234570375
28,21,3,1242290535
28,23,1.5,1242290862
28,31,2.5,1234334920
28,32,3.5,1234335329
28,47,3,1235975946
28,50,3.5,1234337966
28,62,3.5,1242290542
28,95,2,1234516201
28,110,3.5,1234515793
28,145,1.5,1242290926
28,147,2.5,1242289858
28,161,3,1242032929
28,172,3,1277002294
28,211,3,1242107980
28,224,3,1234334917
28,253,3,1242033136
28,260,4,1234338579
28,290,3,1234570350
28,293,4.5,1234338073
28,296,4.5,1234338046
28,300,2,1242288446
28,316,4,1277002153
28,318,3.5,1234338000
28,337,3.5,1242031731
28,345,4,1242290330
28,349,3,1234516073
28,353,3,1242033139
28,356,4,1243837724
28,377,1.5,1234516131
28,428,2.5,1240817486
28,442,1,1234516283
28,456,2,1235806094
28,457,3,1234515692
28,474,2.5,1234515703
28,475,4,1234334912
28,480,2.5,1234515708
28,481,3,1242290652
28,507,4,1242032956
28,508,3.5,1242032407
28,524,3.5,1242032861
28,527,3,1234570054
28,529,3.5,1234571468
28,541,4,1234335500
28,553,3,1242032366
28,555,3,1234515790
28,589,4.5,1234515689
28,590,4,1242290279
28,592,2.5,1234516064
28,593,2.5,1234570144
28,599,3,1234514490
28,608,3,1243837137
28,635,3,1242288183
28,647,2.5,1242290414
28,678,3.5,1240211636
28,714,3.5,1234570614
29,50,3.5,1308007653
29,150,4,1362016794
29,165,4,1362016840
29,170,3,1307905797
29,296,3.5,1362016789
29,316,4,1362016849
29,318,4.5,1307907071
29,356,4.5,1362016780
30,110,5,1500370456
30,260,5,1500370339
30,318,5,1500370344
30,589,3.5,1500370430
31,1,5,850466616
31,5,3,850466642
31,7,4,850466642
31,10,4,850467366
31,17,3,850466616
31,25,2,850466616
31,62,4,850466616
31,141,4,850466616
31,165,4,850467366
31,339,4,850467366
31,344,3,850467365
31,377,5,850467368
31,588,5,850467365
31,605,4,852207559
31,612,3,852208599
31,648,5,850466616
32,1,3,856736119
32,3,3,856736172
32,6,3,856736172
32,7,4,856736173
32,21,4,856737002
32,24,3,856737205
32,25,4,856736119
32,26,4,856736347
32,32,4,856736119
32,36,4,856736172
32,39,3,856737205
32,50,5,856737002
32,52,3,856736227
32,58,5,856736227
32,62,3,856736119
32,74,4,856736316
32,78,4,856736477
32,95,3,856736119
32,100,4,856736290
32,140,3,856736262
32,141,4,856736119
32,153,3,856737123
32,194,5,856737270
32,203,4,856737166
32,224,4,856737388
32,236,3,856737081
32,246,4,856737338
32,252,3,856737082
32,260,5,856736227
32,265,5,856737045
32,272,5,856737123
32,282,4,856737338
32,296,5,856737001
32,314,4,856737002
32,318,5,856737003
32,327,3,856737165
32,337,3,856737205
32,339,4,856737123
32,345,5,856737044
32,353,3,856737270
32,357,3,856737165
32,361,4,856737270
32,376,3,856736227
32,410,3,856737082
32,440,4,856737270
32,471,3,856737165
32,497,5,856737045
32,527,4,856737205
32,529,4,856737044
32,538,5,856737123
32,539,4,856737123
32,553,3,856737338
32,592,5,856737044
32,593,5,856737081
32,608,5,856736172
32,627,4,856736505
32,628,3,856736262
32,648,3,856736119
32,653,3,856736227
32,661,3,856736262
32,694,3,856736374
32,708,4,856736227
32,719,3,856736290
33,1,3,939647444
33,7,1,939654896
33,11,2,939654896
33,17,4,939654828
33,21,4,939715904
33,25,3,939646902
33,28,5,939654815
33,32,3,939647370
33,34,3,939646940
33,36,5,939715317
33,39,5,939654896
33,43,2,939716739
33,50,5,939646733
33,58,4,939646784
33,94,4,939716218
33,110,5,939648134
33,150,3,939647816
33,151,4,939715904
33,161,3,939716218
33,194,3,939647873
33,223,4,939648134
33,230,3,939715955
33,232,4,939648134
33,249,3,939716778
33,261,4,939715904
33,265,5,939646733
33,272,4,939716778
33,293,4,939716559
33,296,5,939717613
33,300,3,939648134
33,302,3,939716327
33,307,5,939715286
33,308,4,939716559
33,318,4,939716778
33,322,2,939716829
33,337,5,939715369
33,339,5,939719385
33,345,4,939716327
33,356,5,939654815
33,385,4,939716559
33,428,5,939647444
33,446,5,939716559
33,448,4,939715485
33,452,4,939716519
33,457,5,939646784
33,475,4,939715904
33,477,3,939716738
33,490,2,939646733
33,497,4,939646939
33,507,4,939646733
33,508,3,939647015
33,509,5,939716661
33,527,5,939716661
33,529,4,939647873
33,562,5,939715485
33,580,1,939715414
33,588,5,939646939
33,589,4,939647370
33,593,5,939647370
33,608,4,939647444
33,613,5,939715859
33,715,4,939715369
34,10,5,1162048773
34,70,3.5,1162048002
34,110,0.5,1162049056
34,145,1,1162048012
34,163,3,1162050915
34,318,4,1162050357
34,356,4,1162049069
34,357,0.5,1162048916
34,377,4.5,1162048796
34,589,3.5,1163954746
35,11,4,830939577
35,21,5,830939505
35,39,3,830939546
35,50,5,830939598
35,60,5,830939912
35,62,5,830939748
35,150,5,830939391
35,185,5,830939521
35,222,4,830939893
35,231,3,830939488
35,235,4,830939733
35,236,4,830939695
35,237,3,830939834
35,252,4,830940246
35,261,5,830939733
35,266,2,830939546
35,300,4,830939505
35,316,3,830939438
35,339,5,830939488
35,342,4,830939941
35,590,5,830940157
35,592,4,830939391
35,595,3,830939438
36,25,2.5,1100803583
36,315,0.5,1100803362
36,318,4,1100804003
36,544,3,1100803734
36,548,3,1100803739
36,552,2,1100803437
37,150,5,845239388
37,153,3,845239426
37,165,5,845239426
37,231,5,845239442
37,292,4,845239483
37,296,5,845239388
37,316,5,845239442
37,318,4,845239483
37,329,3,845239483
37,344,5,845239426
37,349,4,845239442
37,356,4,845239483
37,380,2,845239388
37,457,4,845239442
37,590,4,845239388
37,592,3,845239387
37,593,5,845239426
37,661,3,845926982
37,671,5,845239506
38,11,5,841341447
38,17,3,841341494
38,21,3,841341362
38,39,3,841341384
38,48,3,841341570
38,50,5,841341362
38,62,3,841341570
38,105,3,841341618
38,110,5,841341295
38,150,4,841341161
38,151,5,841341494
38,153,3,841341195
38,161,4,841341249
38,163,1,841341715
38,168,4,841341549
38,193,1,841341598
38,203,3,841341750
38,208,1,841341271
38,222,3,841341785
38,223,5,841341650
38,224,4,841341598
38,235,4,841341515
38,237,3,841341680
38,246,5,841341715
38,252,2,841341494
38,253,1,841341271
38,266,1,841341405
38,273,2,841341680
38,282,3,841341447
38,292,3,841341248
38,296,3,841341163
38,300,4,841341323
38,317,3,841341362
38,318,5,841341249
38,329,3,841341249
38,337,3,841341468
38,339,3,841341271
38,342,3,841341731
38,350,4,841341428
38,355,3,841341650
38,356,3,841341271
38,357,5,841341428
38,364,2,841341323
38,367,2,841341341
38,368,4,841341598
38,376,4,841341763
38,377,3,841341341
38,380,3,841341163
38,410,3,841341323
38,432,3,841341428
38,434,2,841341249
38,435,2,841341405
38,440,3,841341428
38,454,4,841341295
38,457,5,841341220
38,466,3,841341698
38,468,3,841341715
38,480,3,841341296
38,485,3,841341650
38,497,5,841341680
38,500,3,841341362
38,508,3,841341532
38,509,2,841341467
38,527,5,841341405
38,539,3,841341405
38,551,4,841341549
38,552,3,841341732
38,555,2,841341570
38,585,3,841341570
38,586,3,841341384
38,588,3,841341195
38,590,4,841341161
38,592,4,841341160
38,593,3,841341220
38,595,4,841341220
38,597,2,841341384
38,648,4,841341618
39,32,3,974787510
39,47,3,974789632
39,50,5,974788030
39,260,5,974787510
39,296,5,974789540
39,364,4,974788976
39,457,4,974789432
39,588,4,974788841
39,589,4,974788030
39,592,4,974789632
39,593,5,974788030
39,594,3,974788841
39,596,3,974788629
39,608,5,974788126
39,610,4,974789035
40,1,5,832058959
40,17,5,832059273
40,19,2,832059137
40,21,4,832059053
40,26,4,832059937
40,31,4,832059371
40,34,5,832059080
40,44,3,832059393
40,46,4,832059892
40,48,2,832059371
40,60,4,832059509
40,62,5,832059339
40,82,5,832060151
40,104,1,832059697
40,107,4,832059716
40,110,4,832059053
40,111,5,832059116
40,121,4,832060318
40,126,3,832060287
40,146,3,832060059
40,150,5,832058854
40,151,4,832059189
40,153,3,832058897
40,158,4,832059315
40,159,3,832059770
40,163,5,832059474
40,165,4,832058897
40,168,2,832059315
40,172,4,832059339
40,173,4,832059273
40,186,3,832059273
40,199,3,832060204
40,203,5,832059474
40,205,4,832060230
40,208,2,832059012
40,216,1,832059493
40,218,4,832059458
40,223,5,832059371
40,224,4,832059339
40,228,3,832060190
40,230,5,832059458
40,231,1,832058959
40,235,4,832059293
40,236,4,832059137
40,252,4,832059273
40,256,2,832059371
40,265,5,832059293
40,266,4,832059080
40,267,3,832059622
40,272,5,832059417
40,273,1,832059458
40,281,5,832059534
40,292,3,832059012
40,296,5,832058854
40,300,5,832059012
40,306,5,832059622
40,307,5,832059644
40,308,5,832059658
40,312,3,832059952
40,314,5,832059734
40,316,3,832058930
40,317,4,832059080
40,318,5,832058930
40,327,4,832059585
40,329,3,832058930
40,330,3,832059921
40,337,5,832059189
40,339,3,832058959
40,344,4,832058897
40,350,5,832059787
40,351,4,832059585
40,353,3,832059840
40,362,4,832060128
40,364,5,832059644
40,367,4,832059676
40,371,4,832060059
40,376,3,832060011
40,380,3,832058854
40,383,3,832060108
40,410,3,832059053
40,421,3,832059863
40,431,5,832059493
40,432,3,832059116
40,434,3,832058959
40,435,3,832059189
40,440,4,832059716
40,454,4,832059644
40,457,3,832059534
40,491,5,832060059
40,509,3,832059716
40,514,5,832060128
40,515,3,832059892
40,551,3,832059770
40,553,5,832059273
40,585,3,832059863
40,588,4,832058897
40,590,4,832058854
40,592,4,832058854
40,595,3,832058930
40,609,4,832060059
40,610,4,832059622
40,616,3,832059734
40,685,5,832060442
41,47,3.5,1458939486
41,50,3,1459367479
41,111,2,1459367437
41,215,2,1458939048
41,288,3,1459367592
41,293,4,1458933717
41,296,5,1458933695
41,356,2,1459367500
41,357,4,1459368628
41,380,0.5,1459367498
41,541,2,1459367431
41,593,4,1458933734
41,595,4,1459367521
41,597,3,1458938948
41,608,4,1458939466
42,3,4,996221045
42,7,3,996220162
42,10,5,996215205
42,11,5,996219314
42,16,5,996218017
42,19,2,996256258
42,21,4,996219086
42,22,5,996219167
42,47,4,996218105
42,50,5,996217838
42,86,4,996220615
42,95,3,996214545
42,104,4,996219699
42,110,4,996217933
42,122,3,996221451
42,135,3,996256102
42,141,1,996220726
42,144,4,996220026
42,150,5,996217989
42,153,2,996255744
42,161,3,996218708
42,163,3,996219086
42,165,2,996216316
42,168,3,996220383
42,173,2,996221544
42,185,4,996220893
42,186,4,996220852
42,193,3,996256573
42,195,3,996219752
42,223,5,996218735
42,225,4,996219167
42,227,4,996221233
42,231,4,996220872
42,234,4,996256613
42,236,3,996220615
42,252,4,996220225
42,253,5,996215413
42,257,3,996215225
42,260,5,996261559
42,276,4,996221323
42,288,5,996220487
42,292,3,996219167
42,296,5,996214107
42,303,2,996221407
42,316,2,996219275
42,318,4,996217804
42,333,5,996214446
42,344,2,996220343
42,349,4,996218871
42,350,4,996218988
42,353,2,996220093
42,356,5,996218222
42,360,3,996221517
42,361,3,996220309
42,364,4,996218379
42,368,3,996219212
42,372,2,996219774
42,379,2,996221323
42,380,3,996219248
42,381,4,996221208
42,383,4,996221233
42,408,4,996255745
42,410,2,996220754
42,413,2,996221492
42,414,2,996219191
42,415,2,996215738
42,418,3,996256649
42,420,3,996215096
42,424,3,996221407
42,432,3,996214645
42,433,4,996221323
42,434,4,996221164
42,436,4,996220726
42,442,4,996221407
42,457,4,996216038
42,459,3,996220584
42,466,2,996221118
42,468,4,996220026
42,485,3,996256042
42,486,3,996220281
42,490,3,996220133
42,507,4,996220661
42,509,4,996218171
42,520,2,996215153
42,524,3,996218906
42,527,4,996217804
42,540,4,996256573
42,548,4,996220852
42,550,5,996216357
42,552,4,996220433
42,553,5,996218080
42,555,5,996218222
42,586,2,996219248
42,590,4,996218404
42,592,3,996258232
42,593,5,996217838
42,597,5,996218906
42,612,2,996221474
42,628,2,996218239
42,639,3,996221269
42,647,2,996216210
42,648,5,996219248
42,708,4,996218960
43,1,5,848993983
43,3,5,848994405
43,5,5,848994281
43,7,5,848994392
43,8,5,848994814
43,10,4,848993747
43,11,4,848993928
43,23,5,848994451
43,29,5,848994937
43,34,5,848993816
43,47,4,848993793
43,48,5,848994152
43,57,5,848994678
43,60,5,848994424
43,79,5,848994617
43,95,4,848993983
43,102,5,848994916
43,107,5,848994703
43,110,3,848993747
43,150,5,848993627
43,153,5,848993662
43,158,5,848994079
43,161,4,848993747
43,165,5,848993660
43,168,5,848994102
43,173,3,848993928
43,174,5,848994534
43,185,4,848993747
43,193,4,848994178
43,208,4,848993747
43,217,5,848994890
43,225,4,848993879
43,231,3,848993694
43,236,3,848993983
43,238,5,848994876
43,253,4,848993769
43,256,5,848994102
43,259,4,848994678
43,261,5,848994079
43,262,5,848994574
43,271,5,848994795
43,276,5,848994265
43,277,5,848994222
43,288,3,848993793
43,292,5,848993718
43,296,3,848993627
43,300,3,848993816
43,316,4,848993693
43,317,4,848993903
43,318,4,848993718
43,325,5,848994749
43,329,5,848993718
43,339,4,848993769
43,343,4,848994765
43,344,4,848993662
43,349,3,848993694
43,350,4,848993903
43,351,4,848994534
43,355,5,848994178
43,356,5,848993693
43,362,5,848994311
43,364,5,848993793
43,367,5,848993793
43,374,5,848994436
43,377,3,848993769
43,380,3,848993628
43,382,5,848994479
43,410,4,848993816
43,413,3,848994349
43,419,5,848994374
43,420,5,848993879
43,432,4,848993928
43,434,5,848993718
43,435,5,848993928
43,442,5,848993958
43,454,4,848993769
43,457,5,848993662
43,480,4,848993719
43,484,5,848995032
43,500,5,848993793
43,502,5,848994518
43,519,5,848994479
43,520,5,848994178
43,532,4,848994392
43,539,3,848993851
43,542,4,848994546
43,552,5,848994239
43,553,4,848993983
43,575,5,848994691
43,587,5,848993816
43,588,5,848993660
43,589,5,848993769
43,590,4,848993627
43,592,5,848993627
43,594,5,848994152
43,595,5,848993693
43,596,5,848994332
43,597,5,848993817
43,609,5,848994863
43,610,5,848994332
43,616,5,848994349
43,631,5,848994814
43,648,5,848994102
43,661,5,848994617
43,711,5,848994814
44,1,3,869251860
44,3,3,869251910
44,6,3,869251910
44,12,1,869252043
44,18,4,869252115
44,36,4,869251910
44,65,3,869252497
44,66,3,869252563
44,94,4,869252333
44,95,4,869251861
44,104,4,869251955
44,112,5,869251955
44,135,2,869251982
44,141,3,869251861
44,260,5,869251910
44,494,4,869251910
44,605,1,869252901
44,648,3,869251861
44,661,3,869252012
44,663,4,869252142
44,667,3,869252115
44,673,1,869252043
45,1,4,951170182
45,5,3,959625102
45,6,4,1121724608
45,7,3,951170390
45,11,3,951170225
45,19,4.5,1091306129
45,21,4,1091306011
45,32,4.5,1121724503
45,39,3,951170338
45,50,5,951756750
45,62,4,1091306047
45,65,3,1020803228
45,69,3,951170141
45,70,4,951170563
45,88,4,951170543
45,104,5,950724870
45,107,4,950726248
45,110,5,950741520
45,112,4,950740583
45,150,5,1007484259
45,165,5,1091305945
45,172,3,950740896
45,173,1,950741335
45,180,4,950726070
45,185,3,950741023
45,186,3.5,1121724898
45,216,5,950724820
45,223,5,1007995016
45,231,5,1091305997
45,248,2,951170651
45,252,4,951170509
45,260,5,950726388
45,261,3,959624314
45,292,4,1091305981
45,296,5,1007483989
45,316,4,950740601
45,317,3,951170669
45,329,4,950740723
45,333,4,951170509
45,338,3,950741024
45,344,4,951170563
45,356,5,951170194
45,357,4,951170271
45,362,5,950722276
45,364,5,950726215
45,367,4,950724840
45,368,4,1091306135
45,370,3.5,1121724808
45,380,4,950726688
45,413,3,951170710
45,435,3,950741095
45,440,3,951170210
45,441,3,950724757
45,457,4,950726408
45,466,3,1034343953
45,474,5,1091306076
45,480,4,950740478
45,500,4,951170445
45,520,4,951170727
45,541,3,950718561
45,543,5,951170445
45,546,2,950741111
45,551,3,950726215
45,552,4,951170579
45,569,2,950722240
45,586,3,951170727
45,587,2,951170358
45,588,5,950726248
45,589,5,950726569
45,590,4,1091305624
45,593,4,951756812
45,594,4,950726215
45,595,5,950726248
45,597,3,951170238
45,639,2,951170628
45,648,4,950740583
45,671,4,950724840
46,1,5,834787906
46,10,3,834787826
46,32,4,834788094
46,39,3,834788093
46,50,5,834788094
46,110,5,834788016
46,111,4,834788094
46,153,4,834787678
46,160,4,834788146
46,161,3,834787826
46,165,4,834787677
46,173,5,834788227
46,185,4,834787906
46,208,3,834787906
46,225,3,834788016
46,231,3,834787757
46,236,4,834788227
46,253,4,834787906
46,266,5,834788094
46,282,3,834788227
46,288,3,834787967
46,292,5,834787826
46,300,3,834788016
46,315,3,834788227
46,316,4,834787757
46,318,4,834787757
46,339,5,834787826
46,344,3,834787678
46,349,3,834787677
46,364,5,834788146
46,367,4,834788227
46,380,5,834787967
46,432,3,834788146
46,434,4,834787826
46,435,3,834788146
46,454,5,834788146
46,457,5,834787967
46,588,5,834787677
46,590,5,834787617
46,592,3,834787617
46,593,5,834787906
46,595,5,834787757
47,31,3,1496205717
47,47,3,1496209354
47,62,3,1496205312
47,141,2,1496208714
47,147,3.5,1496205843
47,150,3,1496206707
47,318,4,1496208166
47,356,4.5,1496206696
47,391,4.5,1496206564
47,500,1,1496210197
47,508,4,1496205263
47,539,3,1496209510
47,587,4,1496205334
47,590,3.5,1496208604
47,593,2,1496205249
47,597,3,1496209349
48,48,4,1127128718
48,168,3.5,1127128712
48,172,3.5,1127128691
48,653,4,1127128598
49,110,4,1493093005
49,318,4,1493089778
49,356,4,1493089782
49,527,4.5,1493089770
50,1,3,1514238116
50,32,3,1523740563
50,111,4,1534178790
50,165,3,1514238058
50,296,4,1500573696
50,318,3.5,1514237959
50,356,3,1514238146
50,541,4,1514238015
50,593,3.5,1514237974
50,596,2,1514238575
50,608,4,1514238092
51,2,4.5,1230932741
51,3,4,1230932736
51,7,4,1230932700
51,36,3,1230929322
51,65,3.5,1230930652
51,70,5,1230932691
51,76,5,1230930644
51,93,3,1230931640
51,111,5,1230929314
51,141,3.5,1230931631
51,170,4,1230932681
51,177,4,1230930634
51,186,3.5,1230932673
51,230,2.5,1230928814
51,236,5,1230929830
51,247,5,1230928802
51,260,5,1230931614
51,316,4.5,1230931604
51,317,3.5,1230932640
51,327,1.5,1230929812
51,333,2,1230929800
51,339,4,1230929304
51,344,3,1230929299
51,377,3,1230931596
51,380,4,1230931592
51,383,3,1230930616
51,387,3.5,1230932629
51,433,3.5,1230931581
51,442,1.5,1230932616
51,466,3.5,1230929794
51,468,4.5,1230929787
51,479,2,1230931569
51,482,3.5,1230930599
51,497,5,1230929781
51,505,4,1230931558
51,520,4.5,1230929776
51,522,3.5,1230931540
51,527,3,1230929292
51,551,5,1230932599
51,555,4.5,1230932592
51,589,5,1230929287
51,593,5,1230931534
51,597,3.5,1230931528
51,610,4,1230932587
51,616,4,1230932567
51,653,4,1230932558
51,661,3,1230932551
51,708,4,1230929765
51,719,4.5,1230932541
52,150,4,1468051525
52,260,4,1468051102
52,293,4,1468051256
52,318,5,1468051091
52,356,5,1468051518
52,364,5,1468051398
52,588,5,1468051449
53,203,5,1237748081
53,249,5,1237748109
53,381,5,1237748115
53,413,5,1237748065
53,481,5,1237748105
54,1,3,830247330
54,17,3,830248246
54,21,3,839921390
54,32,3,830247417
54,47,3,839921084
54,50,3,830248246
54,110,3,830247832
54,150,3,830247106
54,161,3,830247358
54,194,3,830247865
54,205,3,830247590
54,288,3,830247887
54,296,3,830247106
54,318,4,830247358
54,329,3,830247389
54,339,3,830247389
54,356,4,839921027
54,377,3,839921390
54,410,3,839921084
54,420,2,839921390
54,454,3,839921084
54,457,3,839920981
54,469,3,839923068
54,480,3,839921084
54,500,3,839921452
54,586,2,839921452
54,588,3,830247330
54,589,3,839921161
54,590,3,830247106
54,592,3,830247106
54,593,4,839920981
54,595,3,830247389
54,639,3,839919973
55,186,0.5,1312747648
55,673,0.5,1312747701
56,10,4,835799162
56,11,4,835799366
56,19,5,835799219
56,39,4,835799274
56,47,5,835799219
56,69,4,835799457
56,110,4,835799188
56,153,4,835799081
56,160,3,835799274
56,161,4,835799140
56,165,3,835799081
56,173,3,835799330
56,185,3,835799162
56,196,3,835799366
56,208,4,835799162
56,225,4,835799219
56,231,5,835799115
56,253,3,835799162
56,288,3,835799188
56,292,4,835799140
56,296,4,835799034
56,315,4,835799330
56,316,3,835799115
56,317,4,835799253
56,318,4,835799115
56,329,3,835799115
56,333,3,835799427
56,344,5,835799081
56,349,4,835799081
56,356,5,835799274
56,364,5,835799253
56,367,3,835799295
56,370,3,835799457
56,380,4,835799034
56,410,3,835799188
56,420,3,835799253
56,434,3,835799140
56,454,3,835799253
56,457,4,835799162
56,480,5,835799295
56,493,4,835799427
56,589,4,835799330
56,592,3,835799034
56,593,5,835799139
57,1,5,965796031
57,6,3,972173446
57,10,3,965798286
57,11,3,965797264
57,21,3,965796969
57,32,4,965798685
57,39,3,965796392
57,50,5,965796686
57,52,3,969753586
57,65,1,965797815
57,69,4,965797105
57,70,1,965797305
57,89,2,972174827
57,95,3,969754664
57,104,2,972174279
57,107,3,965797786
57,110,4,965799491
57,112,4,969754432
57,141,4,965797105
57,150,3,972172393
57,151,3,965799554
57,153,2,969753973
57,158,1,972175275
57,160,1,969754090
57,162,4,972172280
57,171,4,965796904
57,185,2,965798952
57,198,3,965798823
57,208,1,969754810
57,224,4,965797175
57,227,1,969754641
57,234,3,965797839
57,235,5,965796869
57,260,5,965798203
57,265,2,972172342
57,272,3,972172467
57,296,3,972172502
57,303,2,965798410
57,305,3,972175617
57,316,3,965798870
57,329,4,969753849
57,349,4,965798373
57,355,1,965797786
57,356,4,965795650
57,357,4,969753458
57,364,4,965796140
57,367,3,965797050
57,377,2,969754312
57,379,1,972175617
57,380,4,965797484
57,382,2,972175120
57,410,2,972174771
57,417,2,965797175
57,421,3,965798269
57,431,4,972173793
57,434,2,965798455
57,440,4,965797005
57,442,2,965798898
57,457,5,965796698
57,471,3,969753604
57,473,2,965799622
57,474,3,969754942
57,480,5,965798332
57,485,3,965797759
57,494,4,972174952
57,497,3,965796990
57,500,3,965797433
57,515,4,972173777
57,516,2,965797502
57,518,2,972175291
57,520,3,972175822
57,527,5,965799430
57,537,3,965797376
57,539,3,965797340
57,541,5,965796471
57,551,4,969753400
57,552,2,965797549
57,553,4,965798574
57,587,2,965797579
57,588,4,965796062
57,589,4,965798703
57,590,3,965798313
57,592,4,969753766
57,593,5,965796656
57,594,4,965796004
57,595,5,965796080
57,596,4,965796004
57,597,3,972174733
57,608,4,965796686
57,610,3,965798313
57,648,4,965795589
57,653,3,965798432
57,671,3,965796904
57,673,1,965797786
57,674,4,965798849
57,707,2,972175326
57,720,5,965796004
58,3,3,847719397
58,5,4,847719151
58,7,5,847719397
58,19,1,847718718
58,21,4,847718718
58,22,3,847719108
58,31,4,847719088
58,32,5,847718745
58,36,4,847718991
58,39,5,847718745
58,44,2,847718960
58,47,5,847718657
58,48,3,847719035
58,50,5,847718718
58,62,3,847718910
58,110,5,847718580
58,141,3,847718894
58,150,4,847718380
58,153,3,847718434
58,161,4,847718580
58,165,4,847718433
58,168,5,847718992
58,173,2,847718818
58,185,3,847718579
58,186,3,847718910
58,196,2,847718894
58,203,3,847719177
58,208,4,847718580
58,216,3,847719308
58,218,5,847719231
58,222,5,847719271
58,223,3,847719088
58,224,3,847719065
58,225,3,847718745
58,231,5,847718462
58,234,4,847719333
58,248,3,847719411
58,249,5,847719464
58,253,2,847718617
58,261,4,847718960
58,265,4,847718991
58,266,3,847718786
58,276,2,847719132
58,277,5,847719065
58,280,5,847719231
58,282,4,847718851
58,288,3,847718617
58,292,4,847718544
58,293,5,847718937
58,296,5,847718380
58,300,5,847718674
58,315,5,847718851
58,317,3,847718786
58,318,5,847718544
58,327,4,847719285
58,333,5,847719015
58,337,5,847718894
58,339,5,847718617
58,342,5,847719151
58,344,1,847718434
58,345,4,847719308
58,349,3,847718461
58,350,4,847718786
58,353,3,847718991
58,356,4,847718461
58,357,3,847718745
58,362,5,847719203
58,364,4,847718657
58,367,4,847718657
58,368,4,847718937
58,371,4,847719333
58,372,3,847719438
58,377,5,847718657
58,380,3,847718380
58,419,3,847719308
58,435,3,847718818
58,440,4,847718786
58,454,3,847718617
58,455,2,847719231
58,457,5,847718433
58,474,5,847718851
58,475,5,847719285
58,477,4,847719333
58,480,4,847718544
58,497,5,847719066
58,500,3,847718657
58,508,5,847718868
58,509,2,847718850
58,520,3,847719088
58,527,5,847718718
58,529,5,847719203
58,539,5,847718718
58,540,3,847719271
58,543,5,847719231
58,551,5,847718937
58,552,3,847719108
58,555,3,847719035
58,587,4,847718674
58,588,5,847718433
58,589,4,847718617
58,590,3,847718380
58,592,3,847718380
58,594,5,847719035
58,595,5,847718461
58,596,4,847719271
58,597,5,847718674
58,616,4,847719271
58,648,5,847719035
58,708,5,847719464
59,10,3,953609378
59,41,5,953609923
59,105,4,953608307
59,110,2,953609098
59,111,5,953608356
59,260,4,953610660
59,350,3,953610578
59,367,4,953610692
59,480,3,953609415
59,527,5,953609857
59,541,5,953609611
59,552,3,953609458
59,589,4,953609167
59,593,5,953610203
59,608,5,953610300
59,647,4,953610077
59,648,5,953609356
60,48,3,1393541734
60,50,3,1393542060
60,60,3,1393541955
60,318,4,1393542053
60,362,4,1393541920
60,455,3,1393541905
60,527,5,1393542064
61,16,4,1145531659
61,32,4.5,1145532647
61,50,4.5,1145532639
61,173,3,1145531733
61,235,4,1145531647
61,266,4,1145531608
61,293,4.5,1145532599
61,318,5,1145532707
61,555,4.5,1145532694
61,593,4,1145532720
62,2,4,1528843890
62,6,4.5,1522190219
62,47,4.5,1521489234
62,110,4.5,1521822303
62,260,4.5,1521488893
62,293,5,1521488906
62,296,4.5,1521488575
62,318,4,1521488565
62,344,3,1521822336
62,356,5,1521822306
62,410,4.5,1525636601
62,527,4.5,1521488569
62,586,4,1521489913
62,593,5,1521488571
63,1,5,1443199669
63,10,3,1443201199
63,32,3,1443199999
63,34,3,1443201169
63,47,4,1443201084
63,50,5,1443199758
63,110,2.5,1443199850
63,111,3,1443199818
63,150,3,1443201072
63,153,1,1443201088
63,165,4,1443201090
63,208,2,1443201186
63,231,3,1443201105
63,260,5,1443199688
63,293,3.5,1443199772
63,296,5,1443201070
63,318,5,1443199751
63,344,5,1443201075
63,356,3.5,1443199681
63,357,4,1443201224
63,364,4,1443200128
63,367,4,1443201104
63,377,2.5,1443201077
63,480,2.5,1443199679
63,500,3,1443201103
63,527,4,1443199764
63,555,2.5,1443200104
63,586,2.5,1443201188
63,588,4,1443200252
63,589,4,1443199783
63,592,4,1443201079
63,595,3,1443201091
63,608,4.5,1443199825
63,648,4,1443201073
64,1,4,1161520134
64,3,3.5,1161519668
64,6,4.5,1161520752
64,16,5,1161528794
64,19,3.5,1161521687
64,22,3.5,1161559916
64,25,3.5,1161521571
64,32,4,1161520763
64,34,4.5,1161520212
64,36,4,1161521343
64,39,4,1161520967
64,45,3.5,1161564506
64,47,4.5,1161520185
64,48,3,1161529467
64,50,3,1161528982
64,70,4,1161559767
64,104,3,1161528801
64,110,4,1161520230
64,111,4,1161521289
64,112,3,1161563742
64,141,3,1161520890
64,151,3,1161529309
64,153,2.5,1161520389
64,159,3.5,1161563882
64,160,2.5,1161519628
64,163,3.5,1161529382
64,185,3,1161520635
64,186,2.5,1161559750
64,198,3,1161565802
64,207,3.5,1161566667
64,223,3,1161521597
64,231,4.5,1161520600
64,236,3.5,1161529390
64,253,4,1161521002
64,260,3.5,1161520007
64,265,3.5,1161529464
64,266,5,1161528933
64,293,4,1161521544
64,296,4.5,1161520143
64,307,3.5,1161531272
64,316,3,1161520309
64,317,3.5,1161529277
64,318,5,1161520540
64,333,4.5,1161564457
64,344,3.5,1161520033
64,350,3.5,1161528851
64,353,4,1161519634
64,355,2.5,1161620564
64,356,4,1161520004
64,357,4.5,1161521689
64,364,4,1161520878
64,365,4,1161566490
64,367,3.5,1161520598
64,370,2,1161519723
64,377,3,1161520155
64,432,2.5,1161519711
64,435,3.5,1161529433
64,466,3.5,1161529425
64,480,4,1161520140
64,500,3.5,1161520572
64,509,4,1161521558
64,520,4,1161529436
64,527,5,1161520178
64,543,3.5,1161565737
64,553,4,1161528861
64,555,4,1161559570
64,585,4,1161565986
64,586,3,1161521273
64,587,4,1161520501
64,588,4,1161520247
64,589,4,1161520454
64,590,5,1161520062
64,593,5,1161520116
64,595,3.5,1161520447
64,596,4,1161559642
64,597,3.5,1161520504
64,608,4,1161520658
64,628,4.5,1161566150
64,647,3.5,1161620706
64,697,3,1161566670
64,708,4.5,1161521683
65,318,4,1494767049
65,527,4,1494767109
66,1,4,1104643957
66,5,4,1113190367
66,18,4,1113190353
66,19,3,1093143913
66,21,4,1113190363
66,29,4.5,1099187646
66,32,5,1093747471
66,47,5,1093747353
66,50,4,1104644110
66,110,5,1093747481
66,111,4.5,1099187536
66,172,3.5,1113188330
66,181,2,1113190908
66,208,4,1113190327
66,223,3.5,1093747608
66,224,5,1113190336
66,248,3,1113190892
66,255,0.5,1113188840
66,260,2.5,1093747550
66,272,3.5,1113190319
66,273,3.5,1113190315
66,282,4,1093144035
66,293,4,1093747362
66,296,5,1093747506
66,318,4.5,1093747397
66,337,4,1093143979
66,356,5,1093747854
66,357,5,1113190299
66,380,3.5,1104643944
66,415,3,1113190881
66,442,3,1093143935
66,457,3,1093747700
66,480,3,1104643911
66,481,2,1113190302
66,485,2.5,1099187127
66,516,3,1113188566
66,523,4,1113190866
66,529,4.5,1099187496
66,535,5,1113190283
66,541,5,1093748041
66,551,3.5,1093747809
66,555,3.5,1093747634
66,586,3,1099187123
66,589,4,1104643949
66,590,4.5,1104643930
66,592,4,1104643920
66,593,4,1093747465
66,608,4,1093748067
66,612,3.5,1113188783
66,628,4,1093747858
66,637,3,1113190294
66,663,3.5,1113188558
66,671,4,1113190242
67,293,5,1501273898
67,296,4.5,1501273753
67,318,4.5,1501274024
67,356,4.5,1501274064
67,589,3.5,1501273841
68,1,2.5,1158531426
68,2,2.5,1158532776
68,3,2,1158533415
68,5,2,1158533624
68,6,4,1158532058
68,7,2,1230498124
68,10,4.5,1158531612
68,11,4.5,1158531050
68,16,3.5,1158533018
68,17,3.5,1158531987
68,18,2,1532897231
68,19,1.5,1158532448
68,25,3.5,1158531974
68,26,3,1158534106
68,31,3.5,1158535464
68,34,1,1158531735
68,39,4,1158532000
68,44,3,1158534993
68,47,4,1158531489
68,48,4,1158533544
68,50,3,1158531764
68,62,3.5,1158531021
68,65,1.5,1269123315
68,70,4,1158534541
68,95,3.5,1158532180
68,104,4.5,1158532958
68,110,2.5,1158531496
68,135,3,1261624168
68,140,3.5,1269122528
68,141,3,1305861316
68,150,3,1158531364
68,153,3,1158531596
68,158,3,1158533897
68,160,2.5,1158533372
68,163,4.5,1158533641
68,165,3.5,1158531548
68,168,3,1240093526
68,170,2.5,1261623628
68,173,2.5,1158533364
68,180,2.5,1269121607
68,185,3,1158532023
68,193,2,1261624010
68,203,3,1269122697
68,207,4,1269122598
68,208,4,1158531805
68,216,3.5,1261623484
68,223,1,1158531005
68,231,3.5,1158532011
68,247,2.5,1261623443
68,252,3,1230498298
68,253,2.5,1158531739
68,256,1.5,1158535511
68,260,5,1158531191
68,261,2,1230498595
68,266,4,1158532808
68,276,3.5,1269122700
68,282,2,1158534484
68,292,2.5,1158531915
68,293,4,1158532453
68,296,2,1180916156
68,303,3.5,1261623895
68,316,3.5,1158531378
68,317,2.5,1158533037
68,318,3,1158531293
68,333,4,1158535093
68,337,3.5,1158533077
68,339,3.5,1158532177
68,344,2.5,1158531367
68,345,1,1269121154
68,350,3.5,1158532759
68,355,3,1158535521
68,356,3.5,1158531181
68,357,1,1240092554
68,361,3.5,1269123000
68,364,4.5,1158531894
68,367,3,1158531592
68,368,4,1158532750
68,370,1.5,1158533335
68,376,3,1158534489
68,377,5,1158531516
68,379,3,1269122944
68,380,3.5,1158531354
68,410,3.5,1158531046
68,420,1,1158533188
68,432,2.5,1158533238
68,434,3,1158531897
68,435,2,1158533526
68,440,3,1230497680
68,441,4.5,1261624104
68,442,2,1158532647
68,454,3.5,1158532134
68,455,2,1261623672
68,457,4.5,1158531542
68,466,2.5,1158533732
68,480,3.5,1158531200
68,485,2.5,1158533833
68,500,3,1158531950
68,508,3,1240092508
68,514,2.5,1271545072
68,520,4,1158533593
68,527,4,1305861414
68,531,2.5,1269122037
68,539,3.5,1158531794
68,541,2,1158532190
68,546,2,1269122893
68,551,2,1158532937
68,552,3,1230498490
68,553,3,1158533034
68,555,2,1230497905
68,562,2.5,1261624214
68,585,3.5,1268849080
68,586,1,1158532048
68,587,2,1158532304
68,588,3.5,1158531766
68,589,3.5,1158531164
68,590,4,1158531481
68,592,4,1158531159
68,593,3.5,1158531247
68,594,3,1158532827
68,595,4.5,1158531532
68,596,2,1158533784
68,597,4.5,1158532014
68,608,2.5,1158531452
68,616,3,1261623742
68,628,3.5,1158534567
68,637,2.5,1261624252
68,647,3.5,1158535929
68,648,4,1158531681
68,653,4,1158532974
68,708,3,1158532899
68,709,3.5,1275957523
69,50,5,1021646926
69,260,5,1021643144
69,296,5,1021644176
69,318,5,1021646944
69,333,5,1021644104
69,356,4,1021643709
69,541,5,1021643744
69,553,5,1021644133
69,589,4,1021643884
69,593,5,1021646944
70,36,5,1355198746
70,150,4,1355198045
70,246,4.5,1355198793
70,318,4.5,1355185390
70,356,4,1355198377
70,376,1.5,1355184504
70,508,4.5,1355198208
70,527,5,1355198357
70,529,4.5,1355198219
71,1,5,864737933
71,7,3,864738008
71,17,1,864737933
71,24,2,864740028
71,62,4,864737933
71,86,5,864738119
71,95,4,864737933
71,160,3,864739211
71,165,5,864739931
71,208,2,864738913
71,260,3,864737969
71,494,4,864737969
71,589,3,864739946
71,608,2,864737969
71,609,3,864738101
71,647,4,864738101
71,648,4,864739239
71,707,1,864738101
72,32,4.5,1217324825
72,47,4.5,1217324851
72,50,4.5,1217324720
72,110,4.5,1217324791
72,150,4,1217324795
72,165,4,1217324886
72,260,5,1217324775
72,296,4.5,1217324757
72,318,5,1217324771
72,344,3.5,1217324835
72,356,4,1217324762
72,377,3.5,1217324831
72,457,4.5,1217324789
72,527,4.5,1217324706
72,589,4.5,1217324801
72,590,4,1217324799
72,593,4.5,1217324766
72,648,4,1217324936
73,1,4.5,1464196374
73,150,2,1464196379
73,260,2,1464196535
74,58,5,1207502891
74,111,5,1207500396
74,194,5,1207499222
74,273,3.5,1207499102
74,296,5,1207499596
74,307,5,1207499251
74,308,5,1207501263
74,337,4,1207501280
74,382,4.5,1207499275
74,475,5,1207502497
74,608,5,1207500635
75,47,2,1158968272
75,151,2,1158967103
75,168,4,1158967185
75,173,3,1158967071
75,260,5,1158989756
75,435,1,1158967085
75,515,2,1158989888
75,541,4,1158989785
75,589,4.5,1158989827
75,592,3.5,1158989896
76,1,0.5,1439165548
76,47,3.5,1439168120
76,48,0.5,1439168949
76,111,3,1439166428
76,158,0.5,1439168954
76,260,4,1439165601
76,288,4,1439168262
76,296,4.5,1439165672
76,317,0.5,1439168918
76,318,3,1439165638
76,356,1,1439165536
76,480,2,1439168176
76,541,3.5,1439167669
76,551,0.5,1439168886
76,553,3.5,1439168941
76,588,0.5,1439168197
76,589,3.5,1439168185
76,593,3.5,1439165545
76,608,4,1439166078
76,673,0.5,1439168981
77,260,5,1535107459
78,1,4,1252575124
78,20,3,1252573422
78,32,3.5,1252575140
78,150,4,1252575119
78,165,3,1252574722
78,260,3.5,1252575114
78,296,4,1252574962
78,318,4.5,1252575010
78,344,4,1252575201
78,356,3,1252575107
78,370,4,1252575070
78,377,3.5,1252575197
78,380,4,1252575135
78,466,3,1252575077
78,480,4,1252574995
78,546,0.5,1252573361
78,589,4.5,1252574790
78,590,2,1252575130
78,593,3,1252575111
78,608,2,1252575190
78,648,3,1252575204
79,6,4,975282111
79,164,5,975281545
79,246,5,975281661
79,260,5,975281842
79,307,4,975281591
79,377,4,975282070
79,457,4,975281934
79,480,5,975282070
79,589,5,975282037
80,32,4,1377308186
80,50,4.5,1377308037
80,150,4,1377308715
80,318,5,1377308028
80,431,4,1377308567
80,593,5,1377473779
80,648,4.5,1377308459
81,10,1,845299756
81,32,5,845299983
81,47,3,845299983
81,110,3,845299756
81,150,3,845299424
81,153,3,845299505
81,161,3,845299756
81,165,3,845299504
81,208,1,845299800
81,231,1,845299563
81,288,3,845299800
81,296,3,845299424
81,316,4,845299563
81,318,3,845299677
81,329,4,845299677
81,344,1,845299505
81,356,2,845299676
81,364,2,845299844
81,367,1,845299844
81,377,3,845299844
81,380,2,845299424
81,457,4,845299563
81,480,4,845299676
81,588,2,845299505
81,589,5,845299844
81,592,3,845299424
82,1,2.5,1084467729
82,2,3,1084465035
82,6,3.5,1084467865
82,10,3.5,1084467796
82,34,2,1084467775
82,47,3.5,1084467783
82,104,3.5,1084468090
82,110,4.5,1084467714
82,145,4.5,1084463787
82,153,3,1084465021
82,158,1,1084463716
82,163,4,1084521290
82,165,4,1084467751
82,170,3,1084465384
82,185,3,1084467840
82,196,3.5,1084465393
82,231,4,1084467803
82,260,3.5,1084463958
82,293,3.5,1084467974
82,303,3,1084465377
82,317,2.5,1084467976
82,337,2.5,1084468022
82,344,3.5,1084467754
82,356,4.5,1084467704
82,357,3.5,1084467829
82,364,3.5,1084467782
82,367,3.5,1084521277
82,368,3.5,1084467998
82,370,3,1084463966
82,380,4,1084467721
82,420,3.5,1084465029
82,442,3.5,1084465019
82,454,3.5,1084467820
82,466,3,1084468214
82,480,4,1084467706
82,588,2.5,1084464970
82,589,4.5,1084467724
82,590,3.5,1084467708
82,592,3.5,1084467713
82,595,3,1084467752
82,648,4,1084467757
83,110,4,1332840449
83,161,3.5,1333843500
83,318,5,1332839665
83,356,4.5,1332840553
83,364,3.5,1333842074
83,480,3,1333843543
83,505,0.5,1332839297
83,541,4.5,1333091988
83,586,1.5,1333843197
83,595,3.5,1334193300
84,4,3,858772461
84,5,3,857653289
84,6,4,857653289
84,7,3,857653289
84,10,3,860397812
84,11,4,858771861
84,14,4,857653349
84,17,5,857653240
84,21,4,858772111
84,25,5,860396793
84,31,3,860398679
84,34,4,858772153
84,36,5,857653289
84,45,4,858772239
84,46,3,858771890
84,50,4,857653594
84,52,5,857653318
84,55,4,858772543
84,57,3,858771951
84,62,4,857653240
84,94,4,857653422
84,95,2,857653240
84,100,3,860396882
84,102,1,857653444
84,105,3,858771931
84,113,4,858772291
84,122,3,858772698
84,140,4,857653387
84,141,3,857653240
84,147,4,858771818
84,150,5,857653693
84,154,3,858771818
84,161,3,858771702
84,164,4,858771912
84,165,3,858772953
84,180,2,858772206
84,181,3,860397928
84,194,4,857653756
84,195,4,858772398
84,214,4,858771796
84,223,5,857653693
84,224,4,858772029
84,225,3,858772370
84,230,3,857653794
84,232,5,857653693
84,234,3,860397862
84,235,3,858772064
84,236,3,858772515
84,237,4,858772479
84,246,4,857653639
84,247,4,858771772
84,248,2,860398847
84,260,4,857653693
84,261,4,857653843
84,265,5,857653594
84,266,4,858771890
84,270,3,858772258
84,272,5,857653843
84,276,3,858772543
84,277,3,860397382
84,287,3,858772239
84,289,3,860398550
84,296,4,857653593
84,299,5,858771796
84,300,5,858771743
84,302,3,858771796
84,305,3,860397582
84,306,4,857653639
84,318,5,857653594
84,319,4,857653794
84,321,4,858771861
84,324,4,860397228
84,326,3,857653794
84,331,3,858772206
84,334,4,858772079
84,339,3,858772326
84,342,4,858771796
84,348,5,858771818
84,349,4,857653728
84,350,4,858772136
84,354,4,858772111
84,356,5,857653593
84,357,4,858771818
84,361,3,858772112
84,368,3,860397613
84,369,4,858772064
84,371,3,858772111
84,377,4,858772009
84,378,3,858772673
84,380,3,858772326
84,381,4,858771861
84,406,3,860399107
84,412,5,858771743
84,415,3,860398835
84,420,3,860397899
84,435,3,860397768
84,440,4,858771912
84,445,3,860397719
84,446,5,857653728
84,452,3,858771890
84,454,4,858772136
84,457,4,857653593
84,468,3,858771971
84,474,4,857653756
84,475,4,858771380
84,477,4,857653756
84,480,3,858771971
84,491,3,858771951
84,500,4,858772516
84,507,3,860398337
84,508,4,857653693
84,509,5,857653594
84,515,4,857653693
84,524,4,858771772
84,527,5,857653594
84,532,3,860397657
84,534,4,857653693
84,537,3,858772239
84,538,3,858771743
84,539,4,858771861
84,551,3,858772802
84,580,3,860398823
84,585,3,858772326
84,586,3,858772516
84,587,3,858772178
84,590,4,858772306
84,592,3,860397582
84,593,5,857653593
84,597,3,858772370
84,608,5,857653289
84,628,4,857653349
84,637,1,857653349
84,647,4,858771233
84,671,4,857653422
84,691,3,860398662
84,708,3,857653318
84,719,3,857653387
85,53,5,889468268
85,314,5,889467433
85,515,4,889468005
85,527,5,889467704
85,538,4,889468460
86,1,4,1344082549
86,165,4,1344083044
86,260,4.5,1344082545
86,318,4.5,1343945158
86,356,4,1344083260
86,419,3.5,1343944880
86,457,4,1344082980
86,480,3,1344083054
86,588,4,1344082668
86,590,4,1344082811
86,595,4,1344083094
86,648,4.5,1344082866
87,60,3,1270702696
87,262,4,1270703101
87,327,3.5,1270702652
87,531,4,1270702642
87,671,4.5,1270702670
88,16,4.5,1331421395
88,50,5,1331421330
88,69,3.5,1331420307
88,223,4.5,1331421399
88,318,5,1331421326
88,527,4,1331421334
89,1,3,1520408314
89,11,2.5,1520408449
89,88,2,1520408790
89,104,4,1520408740
89,356,0.5,1520408275
89,357,2.5,1520408453
89,588,1,1520408342
90,1,3,856353996
90,7,4,856354037
90,14,5,856354100
90,17,5,856353996
90,25,5,856353996
90,32,4,856353996
90,36,4,856354037
90,52,5,856354072
90,58,5,856354071
90,68,3,856354249
90,81,3,856354174
90,82,5,856354212
90,85,5,856354195
90,116,5,856354268
90,141,3,856353996
90,260,5,856354072
90,562,4,856354233
90,581,4,856354288
90,608,5,856354037
90,613,5,856354212
90,617,4,856354348
90,685,3,856354348
90,708,3,856354071
91,1,4,1112713037
91,2,3,1112713392
91,3,3,1112712323
91,6,5,1112712032
91,10,3.5,1112713269
91,16,4.5,1112710867
91,19,2,1112713417
91,21,4,1112712052
91,22,3.5,1112712292
91,25,2,1112713314
91,29,4,1112711719
91,32,4,1112711273
91,36,3,1112712316
91,39,1.5,1112713319
91,41,4,1112716937
91,47,4.5,1112712832
91,50,4.5,1112712816
91,58,2,1112710933
91,88,3,1112716912
91,92,2,1112716903
91,95,3,1112711260
91,104,1.5,1112713462
91,110,4,1112712339
91,111,4,1112713352
91,112,3,1112710953
91,150,3.5,1112712023
91,151,3,1112710950
91,153,2,1112711306
91,158,2,1112713777
91,160,2,1112713458
91,161,3.5,1112711269
91,163,5,1112712601
91,165,3,1112713245
91,172,4.5,1112713688
91,173,3.5,1112710917
91,185,2,1112713300
91,186,2,1112713723
91,196,3,1112713569
91,208,2.5,1112712329
91,223,3,1112711488
91,225,3,1112710870
91,231,3,1112713266
91,235,4.5,1112711256
91,236,2,1112713602
91,251,2.5,1112717660
91,252,2.5,1112713801
91,253,4.5,1112713303
91,260,4.5,1112712846
91,266,3,1112713423
91,288,3.5,1112711287
91,292,3.5,1112713278
91,293,4,1112711284
91,296,4.5,1112711264
91,315,3,1112713686
91,316,4,1112713249
91,318,2,1112712135
91,322,2,1112716866
91,329,2,1112713258
91,337,1.5,1112713450
91,344,3,1112713227
91,349,3,1112713232
91,350,3,1112713420
91,353,5,1112712455
91,356,3,1112711237
91,357,1.5,1112713292
91,364,3.5,1112711195
91,367,3.5,1112713273
91,368,3,1112713426
91,370,3,1112713612
91,374,1,1112716895
91,376,2.5,1112713553
91,377,3,1112713224
91,380,3.5,1112713208
91,384,3.5,1112717242
91,410,3,1112711203
91,420,1.5,1112711240
91,428,3,1112713077
91,432,1,1112710911
91,433,2,1112717219
91,434,2,1112713286
91,435,1.5,1112713513
91,442,3,1112711200
91,454,3,1112713295
91,457,4,1112713197
91,464,4,1112716881
91,466,3,1112713605
91,471,1,1112713817
91,474,3.5,1112713360
91,480,4.5,1112713195
91,482,3.5,1112716885
91,485,4,1112713741
91,494,3,1112713473
91,500,2.5,1112711245
91,502,1,1112716892
91,515,1,1112713768
91,520,3.5,1112712272
91,533,4,1112716908
91,539,2.5,1112711215
91,541,5,1112711219
91,543,3.5,1112712249
91,551,5,1112711242
91,552,3,1112712269
91,553,3.5,1112713485
91,555,3.5,1112713110
91,586,2,1112712333
91,587,2.5,1112713284
91,588,3.5,1112711205
91,589,4,1112711446
91,590,3.5,1112713201
91,592,5,1112713199
91,593,4.5,1112712144
91,594,3,1112711217
91,595,3,1112711215
91,597,2.5,1112711248
91,606,4,1112717237
91,608,3.5,1112713222
91,610,4.5,1112716901
91,628,3,1112713765
91,648,4,1112713238
91,653,2.5,1112710875
91,678,3,1112712982
91,708,2.5,1112711197
92,107,5,1294941385
92,327,3.5,1294941372
93,1,3,942767337
93,2,5,942946208
93,10,4,942946208
93,15,4,942946091
93,34,5,942767143
93,60,4,942946445
93,86,4,942946013
93,110,5,942947377
93,150,5,942947377
93,153,4,942946445
93,158,4,942946445
93,168,4,942946340
93,173,4,942946445
93,258,4,942946508
93,260,5,942946932
93,316,5,942946445
93,318,4,942947205
93,329,5,942946340
93,339,4,942766855
93,349,4,942946208
93,356,5,942766907
93,357,4,942767045
93,362,4,942946445
93,367,5,942946986
93,368,4,942766855
93,380,5,942946091
93,434,5,942946508
93,480,5,942946013
93,527,5,942947205
93,539,4,942766957
93,552,5,942946340
93,558,4,942946634
93,588,4,942766957
93,590,5,942946091
93,593,5,942947265
93,648,4,942946508
93,653,4,942946588
94,2,4,843406960
94,10,3,843406732
94,11,3,843406930
94,17,1,843406942
94,19,2,843406846
94,21,3,843406846
94,32,5,843406866
94,34,4,843406765
94,39,1,843406866
94,44,1,843406960
94,47,2,843406765
94,95,3,843406942
94,110,5,843406748
94,150,4,843406616
94,153,3,843406644
94,160,3,843406895
94,161,4,843406732
94,165,4,843406644
94,185,2,843406732
94,208,2,843406748
94,225,3,843406826
94,231,3,843406685
94,253,1,843406732
94,266,3,843406914
94,282,3,843406930
94,288,2,843406748
94,292,3,843406707
94,296,4,843406616
94,316,4,843406685
94,317,3,843406866
94,318,5,843406707
94,329,4,843406707
94,337,3,843406960
94,344,3,843406644
94,356,3,843406707
94,357,1,843406895
94,364,4,843406765
94,367,3,843406765
94,377,3,843406826
94,380,3,843406616
94,410,3,843406826
94,420,3,843406846
94,432,3,843406914
94,434,3,843406707
94,435,1,843406914
94,457,4,843406685
94,480,4,843406732
94,500,3,843406826
94,586,3,843406846
94,587,3,843406866
94,588,4,843406644
94,589,4,843406765
94,590,4,843406616
94,592,3,843406616
94,593,3,843406685
94,597,2,843406866
95,7,3,1043340043
95,18,3.5,1105400752
95,25,5,1044744590
95,29,5,1043340522
95,32,4,1043340522
95,34,4,1071803856
95,39,4,1043339476
95,122,3.5,1105400745
95,162,5,1043340311
95,176,4,1048382937
95,260,5,1043340455
95,293,4.5,1069614359
95,358,3,1043340311
95,480,3.5,1105400942
95,539,4,1071803917
95,541,5,1043340455
95,589,4,1043340485
95,608,4.5,1069614364
96,1,5,964772990
96,34,5,964773008
96,50,5,964773008
96,110,5,964772750
96,150,5,964773108
96,193,1,964774290
96,260,5,964772681
96,272,5,964773550
96,296,5,964772972
96,299,3,964773068
96,306,1,964773021
96,307,1,964773216
96,367,5,964773672
96,377,5,964772795
96,380,3,964772817
96,434,4,964774257
96,454,4,964774139
96,480,5,964772778
96,527,5,964772956
96,589,5,964772731
96,648,3,964772610
97,377,4,1047481515
97,593,5,1043382047
98,1,4.5,1532457849
98,356,5,1532457441
98,364,3,1532457847
98,593,4.5,1532457756
98,608,4,1532458331
99,10,4,829827514
99,22,4,829828005
99,23,4,829828005
99,122,4,829828005
99,145,4,829828005
99,150,5,829828005
99,153,5,829828005
99,160,2,829828005
99,161,3,829828005
99,163,5,829828005
99,165,5,829828005
99,168,5,829828006
99,196,2,829828006
99,204,1,829828007
99,225,5,829828005
99,227,3,829828005
99,228,3,829828005
99,231,5,829828005
99,234,2,829828006
99,236,5,829828006
99,248,3,829828006
99,252,5,829828006
99,253,4,829828006
99,256,4,829828006
99,257,5,829828006
99,259,3,829828006
99,266,4,829828006
99,276,4,829828006
99,281,5,829828006
99,282,4,829828006
99,288,3,829828006
99,292,5,829828006
99,293,5,829828006
99,296,5,829828006
99,312,1,829828007
99,315,3,829828006
99,316,2,829828007
99,318,5,829828006
99,325,2,829828006
99,333,5,829828007
99,337,5,829828007
99,339,5,829828007
99,344,5,829828005
99,349,5,829828005
99,380,5,829828007
99,413,3,829828005
99,416,4,829828005
99,420,2,829828005
99,434,3,829828005
99,435,2,829828005
99,555,4,829828007
99,588,5,829828005
99,592,4,829828005
100,3,3.5,1100183804
100,11,4,1100184041
100,16,4.5,1100185959
100,17,4.5,1100184147
100,19,1,1100183757
100,28,4.5,1100184447
100,62,4,1100185952
100,74,4,1100186732
100,89,4,1100186731
100,95,4.5,1100185961
100,104,3.5,1100183809
100,168,4.5,1100185915
100,222,4,1100184420
100,223,3.5,1100185924
100,234,4,1100186737
100,235,1,1100183797
100,237,4,1100186727
100,261,4.5,1100185932
100,266,4,1100183734
100,296,3.5,1100184820
100,356,4,1100184829
100,357,4,1100184145
100,368,4.5,1100183774
100,377,4,1100184047
100,380,3.5,1100184352
100,441,4,1100186564
100,497,4,1100183808
100,508,4,1100185928
100,537,4,1100186554
100,539,4.5,1100184295
100,553,4.5,1100183810
100,555,4,1100185936
100,587,4,1100184423
100,590,4,1100184825
100,592,4,1100184812
100,594,3,1100183782
100,597,4.5,1100184340
100,605,4.5,1100186552
100,648,4,1100185920
